,Dias decorridos,Pontuação
Dias decorridos,1.0,0.46314154844741007
Pontuação,0.46314154844741007,1.0
